,id,key,attack,defense,magic,difficulty,hp,hpperlevel,mp,mpperlevel,movespeed,armor,armorperlevel,spellblock,spellblockperlevel,attackrange,hpregen,hpregenperlevel,mpregen,mpregenperlevel,crit,critperlevel,attackdamage,attackdamageperlevel,attackspeedperlevel,attackspeed,Assassin,Fighter,Mage,Marksman,Support,Tank
0,Aatrox,4,8,4,3,4,580.0,90,0.0,0.0,345,38.0,3.25,32.1,1.25,175,3.0,1.0,0.0,0.0,0,0,60.0,5.0,2.5,0.6509999999999999,0,1,0,0,0,1
1,Ahri,1,3,4,8,5,526.0,92,418.0,25.0,330,20.88,3.5,30.0,0.5,550,6.5,0.6,8.0,0.8,0,0,53.04,3.0,2.0,0.6679999999999999,1,0,1,0,0,0
2,Akali,0,5,3,8,7,575.0,95,200.0,0.0,345,23.0,3.5,37.0,1.25,125,8.0,0.5,50.0,0.0,0,0,62.4,3.3,3.2,0.625,1,0,0,0,0,0
3,Alistar,3,6,9,5,7,600.0,106,350.0,40.0,330,44.0,3.5,32.1,1.25,125,8.5,0.85,8.5,0.8,0,0,62.0,3.75,2.125,0.625,0,0,0,0,1,1
4,Amumu,1,2,6,8,3,613.12,84,287.2,40.0,335,33.0,3.8,32.1,1.25,125,9.0,0.85,7.382000000000001,0.525,0,0,53.38,3.8,2.18,0.736,0,0,1,0,0,1
5,Anivia,1,1,4,10,10,480.0,82,495.0,25.0,325,21.22,4.0,30.0,0.5,600,5.5,0.55,8.0,0.8,0,0,51.376000000000005,3.2,1.68,0.625,0,0,1,0,1,0
6,Annie,1,2,3,10,6,524.0,88,418.0,25.0,335,19.22,4.0,30.0,0.5,625,5.5,0.55,8.0,0.8,0,0,50.41,2.625,1.36,0.579,0,0,1,0,0,0
7,Aphelios,2,6,2,1,10,530.0,88,348.0,42.0,325,28.0,3.0,26.0,0.5,550,3.25,0.55,6.5,0.4,0,0,57.0,2.0,2.1,0.64,0,0,0,1,0,0
8,Ashe,2,7,3,2,4,570.0,87,280.0,32.0,325,26.0,3.4,30.0,0.5,600,3.5,0.55,6.972,0.4,0,0,61.0,2.96,3.33,0.6579999999999999,0,0,0,1,1,0
9,AurelionSol,1,2,3,8,7,575.0,92,350.0,50.0,325,19.0,3.6,30.0,0.5,550,7.0,0.6,6.0,0.8,0,0,57.0,3.2,1.36,0.625,0,0,1,0,0,0
10,Azir,0,6,3,8,9,552.0,92,480.0,21.0,335,19.04,3.0,30.0,0.5,525,7.0,0.75,8.0,0.8,0,0,52.0,2.8,3.0,0.625,0,0,1,1,0,0
11,Bard,0,4,4,5,9,560.0,89,350.0,50.0,330,34.0,4.0,30.0,0.5,500,5.5,0.55,6.0,0.45,0,0,52.0,3.0,2.0,0.625,0,0,1,0,1,0
12,Blitzcrank,3,4,8,5,4,582.6,95,267.2,40.0,325,37.0,3.5,32.1,1.25,125,8.5,0.75,8.5,0.8,0,0,61.54,3.5,1.13,0.625,0,1,0,0,0,1
13,Brand,1,2,2,9,4,519.68,88,469.0,21.0,340,21.88,3.5,30.0,0.5,550,5.5,0.55,10.665,0.6,0,0,57.04,3.0,1.36,0.625,0,0,1,0,0,0
14,Braum,3,3,9,4,3,540.0,98,310.6,45.0,335,47.0,4.0,32.1,1.25,125,8.5,1.0,6.0,0.8,0,0,55.376000000000005,3.2,3.5,0.644,0,0,0,0,1,1
15,Caitlyn,2,8,2,2,6,510.0,93,313.7,35.0,330,28.0,3.5,30.0,0.5,650,3.5,0.55,7.4,0.55,0,0,64.0,2.88,4.0,0.6809999999999999,0,0,0,1,0,0
16,Camille,4,8,6,3,4,575.6,85,338.8,32.0,340,35.0,3.8,32.1,1.25,125,8.5,0.8,8.15,0.75,0,0,68.0,3.5,2.5,0.644,0,1,0,0,0,1
17,Cassiopeia,1,2,3,9,10,560.0,90,350.0,40.0,328,18.0,3.5,32.0,0.5,550,5.5,0.5,8.0,0.8,0,0,53.0,3.0,1.5,0.647,0,0,1,0,0,0
18,Chogath,3,3,7,7,5,574.4,80,272.2,40.0,345,38.0,3.5,32.1,1.25,125,9.0,0.85,7.206,0.45,0,0,69.0,4.2,1.44,0.625,0,0,1,0,0,1
19,Corki,0,8,3,6,6,518.0,87,350.16,34.0,325,28.0,3.5,30.0,0.5,550,5.5,0.55,7.4239999999999995,0.55,0,0,55.0,2.5,2.3,0.638,0,0,0,1,0,0
20,Darius,4,9,5,1,2,582.24,100,263.0,37.5,340,39.0,4.0,32.1,1.25,175,10.0,0.95,6.6,0.35,0,0,64.0,5.0,1.0,0.625,0,1,0,0,0,1
21,Diana,0,7,6,8,4,570.0,95,375.0,25.0,345,31.0,3.6,32.1,1.25,150,7.5,0.85,8.0,0.8,0,0,57.0,3.0,2.25,0.625,0,1,1,0,0,0
22,Draven,2,9,3,1,8,605.0,90,360.56,39.0,330,29.0,3.3,30.0,0.5,550,3.75,0.7,8.042,0.65,0,0,60.0,3.61,2.7,0.679,0,0,0,1,0,0
23,DrMundo,3,5,7,6,5,582.52,89,0.0,0.0,345,36.0,3.5,32.1,1.25,125,8.0,0.75,0.0,0.0,0,0,61.27,3.5,2.8,0.721,0,1,0,0,0,1
24,Ekko,0,5,3,7,8,585.0,85,280.0,50.0,340,32.0,3.0,32.0,1.25,125,9.0,0.9,7.0,0.8,0,0,58.0,3.0,3.3,0.688,1,1,0,0,0,0
25,Elise,0,6,5,7,9,534.0,93,324.0,50.0,330,27.0,3.35,30.0,0.5,550,5.5,0.6,6.0,0.8,0,0,55.0,3.0,1.75,0.625,0,1,1,0,0,0
26,Evelynn,0,4,2,7,10,572.0,84,315.6,42.0,335,37.0,3.5,32.1,1.25,125,8.5,0.75,8.107999999999999,0.6,0,0,61.0,3.0,2.1,0.667,1,0,1,0,0,0
27,Ezreal,0,7,2,6,7,530.0,88,375.0,50.0,325,22.0,3.5,30.0,0.5,550,4.0,0.55,8.5,0.65,0,0,60.0,2.5,2.5,0.625,0,0,1,1,0,0
28,Fiddlesticks,1,2,3,9,9,580.4,92,500.0,28.0,335,34.0,3.5,30.0,0.5,480,5.5,0.6,8.0,0.8,0,0,55.36,2.625,2.11,0.625,0,0,1,0,1,0
29,Fiora,2,10,4,2,3,550.0,85,300.0,40.0,345,33.0,3.5,32.1,1.25,150,8.5,0.55,8.0,0.7,0,0,68.0,3.3,3.2,0.69,1,1,0,0,0,0
30,Fizz,0,6,4,7,6,570.0,98,317.2,37.0,335,22.412,3.4,32.1,1.25,175,8.0,0.7,6.0,0.8,0,0,58.04,3.0,3.1,0.6579999999999999,1,1,0,0,0,0
31,Galio,3,1,10,6,5,562.0,112,500.0,40.0,335,24.0,3.5,32.0,1.25,150,8.0,0.8,9.5,0.7,0,0,59.0,3.5,1.5,0.625,0,0,1,0,0,1
32,Gangplank,4,7,6,4,9,540.0,82,282.0,40.0,345,35.0,3.0,32.1,1.25,125,6.0,0.6,7.5,0.7,0,0,64.0,3.0,3.2,0.6579999999999999,0,1,0,0,0,0
33,Garen,4,7,7,1,5,620.0,84,0.0,0.0,340,36.0,3.0,32.1,0.75,175,8.0,0.5,0.0,0.0,0,0,66.0,4.5,3.65,0.625,0,1,0,0,0,1
34,Gnar,0,6,5,5,8,510.0,65,100.0,0.0,335,32.0,2.5,30.0,0.5,175,4.5,1.75,0.0,0.0,0,0,59.0,3.0,6.0,0.625,0,1,0,0,0,1
35,Gragas,3,4,7,6,5,600.0,95,400.0,47.0,330,35.0,3.6,32.1,1.25,125,5.5,0.5,6.0,0.8,0,0,64.0,3.5,2.05,0.675,0,1,1,0,0,0
36,Graves,4,8,5,3,3,555.0,92,325.0,40.0,340,33.0,3.4,32.0,1.25,425,8.0,0.7,8.0,0.7,0,0,68.0,3.0,2.6,0.475,0,0,0,1,0,0
37,Hecarim,4,8,6,4,6,580.0,90,277.2,40.0,345,36.0,4.0,32.1,1.25,175,7.0,0.75,6.5,0.6,0,0,66.0,3.2,2.5,0.67,0,1,0,0,0,1
38,Heimerdinger,1,2,6,8,8,488.0,87,385.0,20.0,340,19.04,3.0,30.0,0.5,550,7.0,0.55,8.0,0.8,0,0,55.536,2.7,1.36,0.625,0,0,1,0,1,0
39,Illaoi,4,8,6,3,4,585.6,95,300.0,40.0,340,35.0,3.8,32.1,1.25,125,9.5,0.8,7.5,0.75,0,0,68.0,5.0,2.5,0.5710000000000001,0,1,0,0,0,1
40,Irelia,0,7,4,5,5,580.0,95,350.0,30.0,335,36.0,3.0,32.0,1.25,200,8.5,0.85,8.0,0.8,0,0,63.0,4.0,2.5,0.6559999999999999,1,1,0,0,0,0
41,Ivern,1,3,5,7,7,585.0,95,450.0,60.0,330,27.0,3.5,32.1,1.25,475,7.0,0.85,6.0,0.75,0,0,50.0,3.0,3.4,0.644,0,0,1,0,1,0
42,Janna,1,3,5,7,7,500.0,70,350.0,64.0,315,28.0,3.8,30.0,0.5,550,5.5,0.55,11.5,0.4,0,0,46.0,1.5,2.95,0.625,0,0,1,0,1,0
43,JarvanIV,3,6,8,3,5,570.0,90,300.0,40.0,340,34.0,3.6,32.1,1.25,175,8.0,0.7,6.5,0.45,0,0,64.0,3.4,2.5,0.6579999999999999,0,1,0,0,0,1
44,Jax,0,7,5,7,5,592.8,85,338.8,32.0,350,36.0,3.0,32.1,1.25,125,8.5,0.55,7.5760000000000005,0.7,0,0,68.0,3.375,3.4,0.638,1,1,0,0,0,0
45,Jayce,4,8,4,3,7,560.0,90,375.0,45.0,335,27.0,3.5,30.0,0.5,125,6.0,0.6,6.0,0.8,0,0,54.0,4.25,3.0,0.6579999999999999,0,1,0,1,0,0
46,Jhin,2,10,2,6,6,585.0,93,300.0,50.0,330,24.0,3.5,30.0,0.5,550,3.75,0.55,6.0,0.8,0,0,59.0,4.7,0.0,0.625,0,0,1,1,0,0
47,Jinx,2,9,2,4,6,610.0,86,245.0,45.0,325,28.0,3.5,30.0,0.5,525,3.75,0.5,6.7,1.0,0,0,57.0,3.4,1.0,0.625,0,0,0,1,0,0
48,Kaisa,4,8,5,3,6,600.0,88,344.88,38.0,335,28.0,3.0,30.0,0.5,525,3.5,0.55,8.2,0.45,0,0,59.0,1.7,1.8,0.644,0,0,0,1,0,0
49,Kalista,2,8,2,4,7,534.0,100,250.0,45.0,325,21.0,4.0,30.0,0.5,525,3.75,0.55,6.3,0.4,0,0,69.0,3.5,4.0,0.6940000000000001,0,0,0,1,0,0
50,Karma,1,1,7,8,5,534.0,95,374.0,50.0,335,26.0,3.8,30.0,0.5,525,5.5,0.55,11.5,0.5,0,0,53.544,3.3,2.3,0.625,0,0,1,0,1,0
51,Karthus,1,2,2,10,7,550.0,87,467.0,30.5,335,20.88,3.5,30.0,0.5,450,6.5,0.55,8.0,0.8,0,0,45.66,3.25,2.11,0.625,0,0,1,0,0,0
52,Kassadin,1,3,5,8,8,576.0,90,397.6,67.0,335,19.0,2.8,30.0,0.5,150,6.0,0.5,6.0,0.8,0,0,58.852,3.9,3.7,0.64,1,0,1,0,0,0
53,Katarina,1,4,3,9,8,602.0,94,0.0,0.0,340,27.88,3.5,32.1,1.25,125,7.5,0.7,0.0,0.0,0,0,58.0,3.2,2.74,0.6579999999999999,1,0,1,0,0,0
54,Kayle,0,6,6,7,7,600.0,85,330.0,50.0,335,26.0,3.0,34.0,0.5,175,5.0,0.5,8.0,0.8,0,0,50.0,2.5,1.5,0.625,0,1,0,0,1,0
55,Kayn,4,10,6,1,8,585.0,85,410.0,50.0,340,38.0,3.3,32.1,1.25,175,8.0,0.75,11.5,0.95,0,0,68.0,3.3,2.7,0.669,1,1,0,0,0,0
56,Kennen,0,6,4,7,4,541.0,84,200.0,0.0,335,29.0,3.75,30.0,0.5,550,5.5,0.65,50.0,0.0,0,0,48.0,3.75,3.4,0.625,0,0,1,1,0,0
57,Khazix,2,9,4,3,6,572.8,85,327.2,40.0,350,36.0,3.0,32.1,1.25,125,7.5,0.75,7.59,0.5,0,0,63.0,3.1,2.7,0.6679999999999999,1,0,0,0,0,0
58,Kindred,2,8,2,2,4,540.0,85,300.0,35.0,325,29.0,3.5,30.0,0.5,500,7.0,0.55,7.0,0.4,0,0,65.0,2.5,3.5,0.625,0,0,0,1,0,0
59,Kled,2,8,2,2,7,340.0,70,100.0,0.0,345,35.0,4.0,32.1,1.25,125,6.0,0.75,0.0,0.0,0,0,65.0,3.5,3.5,0.625,0,1,0,0,0,1
60,KogMaw,2,8,2,5,6,565.0,90,325.0,40.0,330,24.0,3.5,30.0,0.5,500,3.75,0.55,8.75,0.7,0,0,61.0,3.11,2.65,0.665,0,0,1,1,0,0
61,Leblanc,1,1,4,10,9,528.0,92,334.0,50.0,340,21.88,3.5,30.0,0.5,525,7.5,0.55,6.0,0.8,0,0,54.88,3.5,1.4,0.625,1,0,1,0,0,0
62,LeeSin,4,8,5,3,6,575.0,85,200.0,0.0,345,33.0,3.7,32.1,1.25,125,7.5,0.7,50.0,0.0,0,0,70.0,3.2,3.0,0.6509999999999999,1,1,0,0,0,0
63,Leona,3,4,8,3,4,576.16,87,302.2,40.0,335,47.0,3.6,32.1,1.25,125,8.5,0.85,6.0,0.8,0,0,60.04,3.0,2.9,0.625,0,0,0,0,1,1
64,Lillia,1,0,2,10,8,580.0,90,410.0,50.0,330,20.0,4.0,32.1,0.75,325,9.0,0.75,11.5,0.95,0,0,61.0,3.1,2.7,0.625,0,1,1,0,0,0
65,Lissandra,1,2,5,8,6,550.0,90,475.0,30.0,325,22.0,3.7,30.0,0.5,550,7.0,0.55,8.0,0.4,0,0,53.0,2.7,1.36,0.6559999999999999,0,0,1,0,0,0
66,Lucian,4,8,5,3,6,571.0,86,348.88,38.0,335,28.0,3.0,30.0,0.5,500,3.75,0.65,8.176,0.7,0,0,64.0,2.75,3.3,0.638,0,0,0,1,0,0
67,Lulu,0,4,5,7,5,525.0,74,350.0,55.0,330,29.0,3.7,30.0,0.5,550,6.0,0.6,11.0,0.6,0,0,47.0,2.6,2.25,0.625,0,0,1,0,1,0
68,Lux,1,2,4,9,5,490.0,85,480.0,23.5,330,18.72,4.0,30.0,0.5,550,5.5,0.55,8.0,0.8,0,0,53.54,3.3,1.0,0.669,0,0,1,0,1,0
69,Malphite,3,5,9,7,2,574.2,90,282.2,40.0,335,37.0,3.75,32.1,1.25,125,7.0,0.55,7.324,0.55,0,0,61.97,4.0,3.4,0.736,0,1,0,0,0,1
70,Malzahar,1,2,2,9,6,537.0,87,375.0,27.5,335,18.0,3.5,30.0,0.5,500,6.0,0.6,8.0,0.8,0,0,55.0,3.0,1.5,0.625,1,0,1,0,0,0
71,Maokai,3,3,8,6,3,565.0,95,375.0,43.0,335,39.0,4.0,32.1,1.25,125,5.0,0.75,7.2,0.6,0,0,63.54,3.3,2.125,0.8,0,0,1,0,0,1
72,MasterYi,2,10,4,2,4,598.56,92,250.56,42.0,355,33.0,3.0,32.1,1.25,125,7.5,0.65,7.256,0.45,0,0,66.0,3.0,2.0,0.679,1,1,0,0,0,0
73,MissFortune,2,8,2,5,1,570.0,93,325.84,35.0,325,28.0,3.0,30.0,0.5,550,3.75,0.65,8.042,0.65,0,0,52.0,2.7,2.25,0.6559999999999999,0,0,0,1,0,0
74,MonkeyKing,4,8,5,2,3,540.0,85,300.0,45.0,345,31.0,3.5,28.0,1.25,175,4.0,0.65,8.0,0.65,0,0,68.0,4.0,3.0,0.711,0,1,0,0,0,1
75,Mordekaiser,3,4,6,7,4,575.0,90,100.0,0.0,335,37.0,3.0,32.0,1.25,175,5.0,0.75,0.0,0.0,0,0,61.0,4.0,1.0,0.625,0,1,0,0,0,0
76,Morgana,1,1,6,8,1,560.0,90,340.0,60.0,335,25.0,3.8,30.0,0.5,450,5.5,0.4,11.0,0.4,0,0,56.0,3.5,1.53,0.625,0,0,1,0,1,0
77,Nami,0,4,3,7,5,475.0,74,365.0,43.0,335,29.0,4.0,30.0,0.5,550,5.5,0.55,11.5,0.4,0,0,51.208,3.1,2.61,0.644,0,0,1,0,1,0
78,Nasus,0,7,5,6,6,561.2,90,325.6,42.0,350,34.0,3.5,32.1,1.25,125,9.0,0.9,7.44,0.5,0,0,67.0,3.5,3.48,0.638,0,1,0,0,0,1
79,Nautilus,3,4,6,6,6,576.48,86,400.0,47.0,325,39.0,3.75,32.1,1.25,175,8.5,0.55,8.626,0.5,0,0,61.0,3.3,1.0,0.706,0,1,0,0,0,1
80,Neeko,1,1,1,9,5,540.0,90,450.0,30.0,340,21.0,4.0,30.0,0.5,550,7.5,0.75,7.0,0.7,0,0,48.0,2.5,3.5,0.625,0,0,1,0,1,0
81,Nidalee,0,5,4,7,8,545.0,85,295.6,45.0,335,28.0,3.5,30.0,0.5,525,6.0,0.6,6.0,0.8,0,0,61.0,3.5,3.22,0.638,1,0,1,0,0,0
82,Nocturne,4,9,5,2,4,585.0,85,275.0,35.0,345,38.0,3.5,32.1,0.75,125,7.0,0.75,7.0,0.45,0,0,62.0,3.1,2.7,0.721,1,1,0,0,0,0
83,Nunu,3,4,6,7,4,570.0,82,280.0,42.0,345,32.0,3.0,32.1,1.25,125,5.0,0.8,7.0,0.5,0,0,61.0,3.0,2.25,0.625,0,1,0,0,0,1
84,Olaf,4,9,5,3,3,597.24,93,315.6,42.0,350,35.0,3.0,32.1,1.25,125,8.5,0.9,7.466,0.575,0,0,68.0,3.5,2.7,0.6940000000000001,0,1,0,0,0,1
85,Orianna,1,4,3,9,7,530.0,91,418.0,25.0,325,17.04,3.0,26.0,0.5,525,7.0,0.55,8.0,0.8,0,0,40.368,2.6,3.5,0.6579999999999999,0,0,1,0,1,0
86,Ornn,3,5,9,3,5,590.0,95,340.6,45.0,335,33.0,4.0,32.1,1.25,175,9.0,0.9,8.01,0.6,0,0,69.0,3.5,2.0,0.625,0,1,0,0,0,1
87,Pantheon,4,9,4,3,4,580.0,95,317.12,31.0,355,40.0,3.75,28.0,1.25,175,10.0,0.65,7.356,0.45,0,0,64.0,3.3,2.95,0.644,1,1,0,0,0,0
88,Poppy,4,6,7,2,6,540.0,90,280.0,40.0,345,38.0,3.5,32.0,1.25,125,8.0,0.8,7.0,0.7,0,0,64.0,4.0,2.5,0.625,0,1,0,0,0,1
89,Pyke,2,9,3,1,7,600.0,90,415.0,50.0,330,45.0,3.5,32.0,1.25,150,7.0,0.5,8.0,1.0,0,0,62.0,2.0,2.5,0.667,1,0,0,0,1,0
90,Qiyana,1,0,2,4,8,590.0,90,320.0,50.0,335,28.0,3.5,32.1,1.25,150,8.5,0.65,8.0,0.7,0,0,64.0,3.1,2.1,0.625,1,1,0,0,0,0
91,Quinn,2,9,4,2,5,532.8,85,268.8,35.0,335,28.0,3.5,30.0,0.5,525,5.5,0.55,6.972,0.4,0,0,59.0,2.4,3.1,0.6679999999999999,1,0,0,1,0,0
92,Rakan,1,2,4,8,5,540.0,85,315.0,50.0,335,32.0,3.9,32.1,1.25,300,5.0,0.5,8.75,0.5,0,0,62.0,3.5,3.0,0.635,0,0,0,0,1,0
93,Rammus,3,4,10,5,5,564.48,95,310.44,33.0,335,36.0,4.3,32.1,1.25,125,8.0,0.55,7.84,0.5,0,0,55.88,3.5,2.215,0.6559999999999999,0,1,0,0,0,1
94,RekSai,4,8,5,2,3,570.0,85,100.0,0.0,335,36.0,3.75,32.1,1.25,175,7.5,0.65,0.0,0.0,0,0,64.0,3.0,2.0,0.667,0,1,0,0,0,0
95,Renekton,4,8,5,2,3,575.0,87,100.0,0.0,345,35.0,4.0,32.1,1.25,125,8.0,0.75,0.0,0.0,0,0,69.0,3.75,2.75,0.665,0,1,0,0,0,1
96,Rengar,4,7,4,2,8,585.0,90,4.0,0.0,345,34.0,3.0,32.1,1.25,125,7.0,0.5,0.0,0.0,0,0,68.0,3.0,3.0,0.667,1,1,0,0,0,0
97,Riven,4,8,5,1,8,560.0,86,0.0,0.0,340,33.0,3.2,32.1,1.25,125,8.5,0.5,0.0,0.0,0,0,64.0,3.0,3.5,0.625,1,1,0,0,0,0
98,Rumble,1,3,6,8,10,589.0,85,100.0,0.0,345,31.0,3.5,32.1,1.25,125,8.0,0.6,0.0,0.0,0,0,61.0,3.2,1.85,0.644,0,1,1,0,0,0
99,Ryze,1,2,2,10,7,575.0,98,300.0,50.0,340,22.0,3.0,36.0,0.5,550,8.0,0.8,8.0,1.0,0,0,58.0,3.0,2.112,0.625,0,1,1,0,0,0
100,Sejuani,3,5,7,6,4,560.0,100,400.0,40.0,340,34.0,4.25,32.1,1.25,150,8.5,1.0,7.0,0.7,0,0,66.0,4.0,3.5,0.688,0,1,0,0,0,1
101,Senna,0,7,2,6,7,520.0,75,350.0,45.0,330,28.0,3.5,30.0,0.5,600,3.5,0.55,11.5,0.4,0,0,50.0,0.0,4.0,0.625,0,0,0,1,1,0
102,Sett,4,8,5,1,2,600.0,93,0.0,0.0,340,33.0,4.0,32.0,1.25,125,7.0,0.5,0.0,0.0,0,0,60.0,4.0,1.75,0.625,0,1,0,0,0,1
103,Shaco,0,8,4,6,9,587.0,89,297.2,40.0,350,30.0,3.5,32.1,1.25,125,8.5,0.55,7.156000000000001,0.45,0,0,63.0,3.0,3.0,0.6940000000000001,1,0,0,0,0,0
104,Shen,3,3,9,3,4,540.0,85,400.0,0.0,340,34.0,3.0,32.1,1.25,125,8.5,0.75,50.0,0.0,0,0,60.0,3.0,3.0,0.7509999999999999,0,0,0,0,0,1
105,Shyvana,4,8,6,3,4,595.0,95,100.0,0.0,350,38.0,3.35,32.1,1.25,125,8.5,0.8,0.0,0.0,0,0,66.0,3.4,2.5,0.6579999999999999,0,1,0,0,0,1
106,Singed,3,4,8,7,5,580.0,85,330.0,45.0,345,34.0,3.5,32.1,1.25,125,9.5,0.55,7.5,0.55,0,0,63.0,3.375,1.9,0.613,0,1,0,0,0,1
107,Sion,3,5,9,3,5,545.0,73,330.0,42.0,345,32.0,3.0,32.1,1.25,175,7.5,0.8,8.0,0.6,0,0,68.0,4.0,1.3,0.679,0,1,0,0,0,1
108,Sivir,2,9,3,1,4,562.0,90,284.0,50.0,335,26.0,3.25,30.0,0.5,500,3.25,0.55,8.0,0.9,0,0,63.0,3.0,1.6,0.625,0,0,0,1,0,0
109,Skarner,4,7,6,5,5,601.28,90,320.0,40.0,335,38.0,3.8,32.1,1.25,125,9.0,0.85,7.206,0.45,0,0,65.0,4.5,2.1,0.625,0,1,0,0,0,1
110,Sona,0,5,2,8,4,482.36,77,340.6,45.0,325,28.0,3.3,30.0,0.5,550,5.5,0.55,11.5,0.4,0,0,49.0,3.0,2.3,0.644,0,0,1,0,1,0
111,Soraka,1,2,5,7,3,535.0,74,425.0,40.0,325,32.0,3.8,30.0,0.5,550,2.5,0.5,11.5,0.4,0,0,50.0,3.0,2.14,0.625,0,0,1,0,1,0
112,Swain,1,2,6,9,8,525.0,85,468.0,28.5,325,22.72,4.0,30.0,0.5,525,7.0,0.65,8.0,0.8,0,0,58.0,2.7,2.11,0.625,0,1,1,0,0,0
113,Sylas,1,3,4,8,5,525.0,115,280.0,50.0,340,27.0,4.0,32.0,1.75,175,9.0,0.9,7.0,0.8,0,0,61.0,3.0,3.5,0.645,1,0,1,0,0,0
114,Syndra,1,2,3,9,8,523.0,90,480.0,40.0,330,24.712,3.4,30.0,0.5,550,6.5,0.6,8.0,0.8,0,0,53.872,2.9,2.0,0.625,0,0,1,0,1,0
115,TahmKench,3,3,9,6,5,600.0,100,325.0,40.0,335,47.0,3.5,32.1,1.25,175,6.5,0.55,8.0,1.0,0,0,56.0,3.2,2.5,0.6579999999999999,0,0,0,0,1,1
116,Taliyah,1,1,7,8,5,532.0,90,425.0,30.0,335,20.0,3.5,30.0,0.5,525,7.0,0.7,9.335,0.85,0,0,58.0,3.3,1.36,0.625,0,0,1,0,1,0
117,Talon,2,9,3,1,7,588.0,95,377.2,37.0,335,30.0,3.5,39.0,1.25,125,8.5,0.75,7.6,0.8,0,0,68.0,3.1,2.9,0.625,1,0,0,0,0,0
118,Taric,3,4,8,5,3,575.0,85,300.0,60.0,340,40.0,3.4,32.1,1.25,150,6.0,0.5,8.5,0.8,0,0,55.0,3.5,2.0,0.625,0,1,0,0,1,0
119,Teemo,0,5,3,7,6,528.0,90,334.0,20.0,330,24.3,3.75,30.0,0.5,500,5.5,0.65,9.6,0.45,0,0,54.0,3.0,3.38,0.69,1,0,0,1,0,0
120,Thresh,3,5,6,6,7,560.52,93,273.92,44.0,335,28.0,0.0,30.0,0.5,450,7.0,0.55,6.0,0.8,0,0,56.0,2.2,3.5,0.625,0,1,0,0,1,0
121,Tristana,2,9,3,5,4,559.0,88,250.0,32.0,325,26.0,3.0,30.0,0.5,525,3.75,0.65,7.2,0.45,0,0,61.0,3.3,1.5,0.6559999999999999,1,0,0,1,0,0
122,Trundle,4,7,6,2,5,616.0,96,281.0,45.0,350,37.0,2.7,32.1,1.25,175,6.0,0.75,7.5,0.6,0,0,68.0,3.0,2.9,0.67,0,1,0,0,0,1
123,Tryndamere,4,10,5,2,5,625.64,98,100.0,0.0,345,33.0,3.1,32.1,1.25,125,8.5,0.9,0.0,0.0,0,0,69.0,3.7,2.9,0.67,1,1,0,0,0,0
124,TwistedFate,0,6,2,6,9,534.0,94,333.0,19.0,335,21.0,3.15,30.0,0.5,525,5.5,0.6,8.0,0.8,0,0,52.0,3.3,3.22,0.6509999999999999,0,0,1,0,0,0
125,Twitch,2,9,2,3,6,612.0,86,287.2,40.0,330,27.0,3.0,30.0,0.5,550,3.75,0.6,7.256,0.45,0,0,59.0,3.11,3.38,0.679,1,0,0,1,0,0
126,Udyr,4,8,7,4,7,594.0,99,271.0,30.0,350,34.0,4.0,32.1,1.25,125,6.0,0.75,7.5,0.45,0,0,66.0,5.0,2.67,0.6579999999999999,0,1,0,0,0,1
127,Urgot,4,8,5,3,8,585.0,88,340.0,45.0,330,36.0,4.25,32.1,1.25,350,7.5,0.7,7.25,0.8,0,0,63.0,4.0,3.75,0.625,0,1,0,0,0,1
128,Varus,2,7,3,4,2,530.0,91,360.0,33.0,330,27.0,3.4,30.0,0.5,575,3.5,0.55,8.0,0.8,0,0,61.0,3.0,3.0,0.6579999999999999,0,0,1,1,0,0
129,Vayne,2,10,1,1,8,515.0,89,231.8,35.0,330,23.0,3.4,30.0,0.5,550,3.5,0.55,6.972,0.4,0,0,60.0,2.36,3.3,0.6579999999999999,1,0,0,1,0,0
130,Veigar,1,2,2,10,7,505.0,94,490.0,26.0,340,23.0,3.75,32.0,0.5,550,6.5,0.6,8.0,0.8,0,0,52.0,2.7,2.24,0.625,0,0,1,0,0,0
131,Velkoz,1,2,2,10,8,520.0,88,469.0,21.0,340,21.88,3.5,30.0,0.5,525,5.5,0.55,8.0,0.8,0,0,54.9379,3.1416,1.36,0.625,0,0,1,0,0,0
132,Vi,4,8,5,3,4,585.0,85,295.0,45.0,340,30.0,4.0,32.1,1.25,125,10.0,1.0,8.0,0.65,0,0,63.0,3.5,2.0,0.644,1,1,0,0,0,0
133,Viktor,1,2,4,10,9,530.0,90,405.0,25.0,335,23.0,4.0,30.0,0.5,525,8.0,0.65,8.0,0.8,0,0,53.0,3.0,2.11,0.6579999999999999,0,0,1,0,0,0
134,Vladimir,1,2,6,8,7,537.0,96,2.0,0.0,330,23.0,3.3,30.0,0.5,450,7.0,0.6,0.0,0.0,0,0,55.0,3.0,2.0,0.6579999999999999,0,0,1,0,0,0
135,Volibear,4,7,7,4,3,580.0,90,350.0,50.0,340,31.0,4.0,32.0,1.25,150,9.0,0.75,6.25,0.5,0,0,60.0,3.0,2.0,0.625,0,1,0,0,0,1
136,Warwick,4,9,5,3,3,550.0,85,280.0,35.0,335,33.0,3.2,32.1,1.25,125,4.0,0.75,7.466,0.575,0,0,65.0,3.0,2.3,0.638,0,1,0,0,0,1
137,Xayah,4,10,6,1,5,590.0,88,340.0,40.0,325,25.0,3.0,30.0,0.5,525,3.25,0.75,8.25,0.75,0,0,60.0,2.9,3.3,0.625,0,0,0,1,0,0
138,Xerath,1,1,3,10,8,526.0,92,459.0,22.0,340,21.88,3.5,30.0,0.5,525,5.5,0.55,8.0,0.8,0,0,54.7,3.0,1.36,0.625,0,0,1,0,0,0
139,XinZhao,4,8,6,3,2,570.0,92,273.8,35.0,345,35.0,3.5,32.1,1.25,175,8.0,0.7,7.256,0.45,0,0,66.0,3.0,3.5,0.645,1,1,0,0,0,0
140,Yasuo,4,8,4,4,10,490.0,87,100.0,0.0,345,30.0,3.4,32.0,1.25,175,6.5,0.9,0.0,0.0,0,0,60.0,3.2,2.5,0.6970000000000001,1,1,0,0,0,0
141,Yone,4,8,4,4,8,550.0,85,500.0,0.0,345,28.0,3.4,32.0,1.25,175,7.5,0.75,0.0,0.0,0,0,60.0,3.0,2.5,0.625,1,1,0,0,0,0
142,Yorick,4,6,6,4,6,580.0,100,300.0,40.0,340,39.0,4.0,32.0,1.25,175,8.0,0.8,7.5,0.75,0,0,62.0,5.0,2.0,0.625,0,1,0,0,0,1
143,Yuumi,0,5,1,8,2,480.0,70,400.0,45.0,330,25.0,3.0,25.0,0.3,500,7.0,0.55,10.0,0.4,0,0,55.0,3.1,1.0,0.625,0,0,1,0,1,0
144,Zac,3,3,7,7,8,615.0,95,0.0,0.0,340,33.0,3.5,32.0,1.25,175,8.0,0.5,0.0,0.0,0,0,60.0,3.4,1.6,0.736,0,1,0,0,0,1
145,Zed,2,9,2,1,7,584.0,85,200.0,0.0,345,32.0,3.5,32.1,1.25,125,7.0,0.65,50.0,0.0,0,0,63.0,3.4,3.3,0.6509999999999999,1,0,0,0,0,0
146,Ziggs,1,2,4,9,4,536.0,92,480.0,23.5,325,21.544,3.3,30.0,0.5,550,6.5,0.6,8.0,0.8,0,0,54.208,3.1,2.0,0.6559999999999999,0,0,1,0,0,0
147,Zilean,1,2,5,8,6,504.0,82,452.0,30.0,335,24.0,3.8,30.0,0.5,550,5.5,0.5,11.335,0.8,0,0,51.64,3.0,2.13,0.625,0,0,1,0,1,0
148,Zoe,1,1,7,8,5,560.0,92,425.0,25.0,340,20.8,3.5,30.0,0.5,550,6.5,0.6,8.0,0.65,0,0,58.0,3.3,2.5,0.625,0,0,1,0,1,0
149,Zyra,1,4,3,8,7,504.0,79,418.0,25.0,340,29.0,3.0,30.0,0.5,575,5.5,0.5,13.0,0.4,0,0,53.376000000000005,3.2,2.11,0.625,0,0,1,0,1,0
